accX[mg],accY[mg],accZ[mg],gyroX[mdps],gyroY[mdps],gyroZ[mdps]
-749.4340,-107.9331,80.0657,-14411.2558,-4576.2514,-3412.5012
-665.8925,-69.0284,157.5702,-34055.0156,-6755.0024,-2205.0007
44.8807,143.4230,64.5769,7315.0029,-59736.2695,14638.7558
295.7490,521.7988,831.1460,36793.7617,-239102.5781,81690.0312
-827.7313,631.3174,1706.7458,66596.2734,-286685.1250,188317.5781
-1315.2596,495.5167,1997.9213,46042.5156,-286685.1250,241806.3281
-428.6226,-7.7444,677.1127,-7017.5024,-286685.1250,99050.0390
79.1510,263.1251,1014.8764,38885.0117,-95593.7890,24290.0078
133.6663,350.9351,1589.7269,32935.0117,69370.0234,-735.0003
-750.5316,-29.0261,176.2908,-50207.5195,-13090.0039,3036.2509
-648.6354,-19.9402,140.5570,-62046.2734,-19197.5078,4103.7509
19.1475,331.6047,546.6173,-12346.2548,-89285.0390,25628.7597
-38.7218,311.6646,1067.8673,-18803.7558,-286536.3437,121362.5468
-838.8905,831.4510,1619.8507,13930.0048,-286685.1250,197863.8125
-835.9024,554.1177,1764.6762,-27273.7597,-286685.1250,239575.0937
-42.1976,233.3673,387.7666,-39865.0156,-286685.1250,125370.0546
270.2597,343.0688,1710.7097,61985.0195,-15365.0048,30021.2597
-651.0746,72.4433,175.1322,-60243.7734,25480.0097,-16791.2558
-578.6923,101.4084,169.2172,-77140.0312,14848.7548,-11235.0039
22.8672,206.7194,316.2990,18427.5078,-75713.7734,32068.7617
-60.6133,426.5493,1083.1729,54355.0195,-283517.6250,133463.7968
-890.7228,715.9565,1552.1027,46060.0156,-286685.1250,237203.8437
-797.3026,470.2104,1557.5909,18628.7578,-286685.1250,249602.5781
-78.2973,594.0591,787.1192,-51948.7695,-286685.1250,133070.0468
218.3664,327.2752,1453.7434,93056.2890,-83378.7812,45727.5156
237.4529,493.4434,1519.1740,-28647.5117,43478.7656,1811.2507
-215.9272,58.4790,201.2922,-103048.7812,-18357.5058,16310.0058
-175.8029,102.7499,276.4186,-103048.7812,-34448.7617,22863.7578
-249.3438,280.5652,842.2442,-22592.5078,-165453.8125,69238.7734
-709.2487,424.5370,1048.4149,43487.5156,-286685.1250,110206.2890
-804.4372,553.2031,1244.2799,24543.7578,-286685.1250,173897.5625
-646.8060,670.4050,1547.9561,-14621.2548,-286685.1250,244422.5937
126.1049,-71.4066,-423.8663,-35525.0117,-286658.8437,122928.7968
533.5677,340.2028,1632.4732,79563.7812,-8540.0029,23528.7597
342.4590,655.7700,849.1349,-12678.7548,-36767.5117,32593.7597
-421.4881,42.0146,95.7983,-77621.2734,-3430.0012,323.7501
-283.7361,123.4218,93.6640,-76343.7812,-16003.7558,6203.7519
380.5101,372.3388,495.6997,19906.2578,-132492.5468,59552.5234
-556.4349,645.8304,1398.5572,31570.0097,-286685.1250,184852.5625
-1287.8801,606.7427,1527.0404,-17.5000,-286685.1250,246863.8593
-602.4743,356.8501,1255.3781,-56052.5195,-286685.1250,184677.5625
115.1897,235.1357,535.4581,17220.0058,-233782.5937,66316.2734
-129.5197,-17.1351,57.3204,-62650.0234,-2913.7509,-15260.0058
-46.2222,30.0627,83.9073,-62658.7734,-16126.2548,-11480.0039
-14.8179,400.7551,616.6824,30213.7597,-149003.7968,43925.0156
-738.8846,613.6944,1147.0181,101526.2812,-286685.1250,164613.8281
-1428.3760,620.9509,1587.0439,48991.2695,-286685.1250,265685.1250
-885.6615,283.9190,1469.9638,-32856.2656,-286685.1250,237956.3437
12.2568,223.0618,368.1922,-77271.2734,-278985.0937,65353.7734
165.4975,247.7584,1304.0395,83387.5390,-45298.7656,-8295.0019
-249.2219,110.0674,39.8804,-26355.0078,-5985.0019,-8076.2524
-139.6423,109.0307,-48.1126,-19355.0058,-22198.7578,-1715.0006
99.6400,247.7584,174.2785,-6781.2524,-174606.3125,65266.2734
-760.7152,447.3432,1099.0885,78531.2812,-286685.1250,166932.5625
-904.5651,473.1374,1360.9940,36181.2656,-286685.1250,196612.5781
-500.0292,312.4573,1436.7912,-55615.0195,-286685.1250,180871.3125
130.7393,378.2538,580.6436,-84700.0234,-286685.1250,49962.5195
-16.3424,97.3228,86.9563,-32830.0078,-14726.2548,-1050.0003
-16.3424,97.3228,86.9563,-32830.0078,-14726.2548,-1050.0003
314.4086,296.2368,476.0035,24928.7597,-179165.0468,73500.0312
-1144.9449,593.5103,1367.7628,30765.0136,-286685.1250,203446.3281
-1397.5815,513.9325,1378.9219,19801.2578,-286685.1250,223623.8437
-666.2584,397.5232,1122.0167,-34755.0156,-286685.1250,162225.0625
20.6719,268.6133,786.4484,-84122.5312,-255342.5937,61206.2773
-224.0375,150.2527,35.7948,21988.7597,11637.5039,-18821.2558
-78.1753,247.3315,74.8824,31141.2617,-2528.7507,-13221.2548
412.3412,430.0861,333.9220,98498.7812,-126971.2968,55860.0195
-789.4973,605.2183,1195.0698,82530.0234,-286685.1250,212633.8281
-1346.7858,705.7119,1506.0635,40416.2617,-286685.1250,286685.1250
-708.5780,485.5162,1120.7972,-70805.0234,-286685.1250,239566.3281
107.5673,412.6461,692.8453,36058.7656,-221646.3281,98997.5390
-212.4514,154.9481,-11.0372,-91323.7890,67690.0234,-38666.2656
-212.4514,154.9481,-11.0372,-91323.7890,67690.0234,-38666.2656
483.5648,109.8845,25.1844,10325.0039,-39217.5117,20597.5078
-115.0067,566.9234,1249.7680,136386.3125,-203927.5781,109917.5390
-1424.7783,901.3942,1625.5827,79966.2812,-286685.1250,269123.8750
-1332.2119,871.6972,1473.5617,53952.5156,-286685.1250,286685.1250
-595.3397,702.1142,1192.0207,-46908.7695,-286685.1250,246863.8593
-56.0399,235.2576,735.0429,78058.7812,-127820.0468,101202.5312
123.0560,283.7971,-0.4878,-26005.0097,111387.5390,-4480.0019
316.4819,417.8293,87.2612,-26005.0097,111387.5390,2213.7507
689.2476,441.3063,371.6681,-33696.2578,-28638.7617,70358.7734
-51.3445,803.7664,1000.7291,25480.0097,-262167.5937,197610.0625
-945.1771,1172.8734,1353.8596,-2948.7509,-286685.1250,279177.5937
-1012.8640,1255.0732,1289.8924,12731.2548,-286685.1250,281715.0937
-428.0128,1084.8194,1029.0845,-26530.0097,-286685.1250,169916.2968
-156.2286,683.6984,783.8262,-88900.0312,-83063.7812,19600.0078
-162.5705,-93.5420,490.0896,-66570.0234,11173.7539,-127933.8046
-162.5705,-93.5420,490.0896,-62335.0195,-498.7502,-123926.3046
505.1514,39.5145,409.4751,-4830.0014,-135502.5625,-56113.7695
-395.7548,1356.1157,874.8681,46908.7695,-285083.8437,159976.3125
-1557.3470,753.9464,1754.7976,157482.5625,-286685.1250,286685.1250
-1276.7208,-43.0513,1814.1303,98122.5312,-286685.1250,286685.1250
-561.0693,237.5748,1054.1468,-42026.2656,-235795.0781,146055.0625
-211.2928,415.8779,896.4548,-40083.7617,-17832.5078,-6046.2519
-174.9492,450.6361,1148.2988,30021.2597,96372.5390,-48335.0156
-173.3638,91.5907,-34.5752,-64295.0273,91367.5390,-43601.2656
-24.5136,137.3251,-29.3310,-48807.5195,84630.0312,-36645.0117
532.3482,332.3975,442.5259,61346.2734,-6720.0024,33783.7656
-101.9572,538.2022,1152.5062,29417.5136,-242165.1093,174256.2968
-1554.9078,1079.5751,1829.1920,9520.0039,-286685.1250,286676.3437
-1325.7481,700.5897,1641.7423,-5311.2519,-286685.1250,286685.1250
-434.1107,431.2447,797.8515,-116130.0468,-286685.1250,146081.3125
-10.2445,427.6469,947.0675,68311.2734,-41737.5156,8190.0024
-169.4001,351.7279,53.1129,-31955.0117,138337.5625,-70498.7734
-7.0736,351.7279,53.1129,-36846.2656,128843.7968,-65975.0234
702.9069,451.4898,133.9712,-33005.0078,11305.0039,1828.7507
453.7460,701.5654,626.1342,2616.2512,-191397.5781,121905.0468
-694.7357,1263.1834,1438.0717,-18742.5078,-286685.1250,236993.8281
-1380.0196,1534.3577,1548.3222,2668.7509,-286685.1250,286685.1250
-813.5841,1083.2949,1099.6983,-53121.2695,-286685.1250,232050.0781
-211.4148,854.6840,492.3458,-15015.0048,-136727.5468,93940.0312
-288.1876,8.1102,480.9427,-38368.7617,29198.7617,-157316.3125
-178.8519,48.9053,547.8978,-38368.7617,29198.7617,-154883.7968
275.5039,183.0595,660.2215,14455.0048,-87526.2812,-95926.2890
77.7484,811.9376,410.5727,18865.0058,-205178.8281,76002.5312
-610.8284,846.1470,1042.9267,111273.7890,-275423.8437,252831.3437
-1042.5609,646.2573,1995.9700,161096.2968,-286685.1250,286685.1250
-860.4771,363.1920,1803.7637,10928.7539,-286685.1250,286685.1250
-278.9188,-134.5200,649.3062,40241.2617,-134146.2968,86266.2812
-171.7783,517.5913,1324.9553,-30283.7617,106155.0390,-61923.7734
5.2442,252.3928,-138.8496,-46996.2695,132737.5312,-51257.5195
96.7130,209.4635,-225.0741,-46996.2695,132737.5312,-51257.5195
616.9873,627.3537,429.9642,7962.5034,14708.7568,30432.5136
20.6719,827.2434,820.9625,3823.7517,-214847.5781,183977.5625
-904.1991,1042.6218,1020.4254,-39532.5156,-286685.1250,265501.3437
-1225.9251,1463.8050,1336.5415,-15487.5058,-286685.1250,286685.1250
-716.8101,1087.9903,919.0170,-72135.0312,-286685.1250,251448.8281
-210.1342,808.9497,466.1248,23117.5097,-103993.7890,97641.2890
-438.9281,119.3972,281.8457,-49175.0156,16047.5048,-130051.3046
-372.2779,163.1803,355.6915,-56656.2695,13658.7548,-126498.7812
-359.8991,-89.9443,210.1952,31911.2597,-498.7502,-91761.2812
-156.7774,-22.3184,293.9806,9975.0029,-42568.7656,-14813.7548
-10.6714,335.0196,402.7064,31552.5117,-131836.2968,88252.5312
-782.4237,979.6304,1807.4226,69746.2734,-286685.1250,257678.8437
-1358.3110,630.5246,1995.9700,47713.7656,-286685.1250,286685.1250
-978.9596,330.4461,1009.7540,-22120.0078,-286685.1250,286667.5937
-66.5893,236.6602,648.5745,182481.3125,-20930.0097,82845.0312
38.5388,-9.0859,-301.4810,-72957.5312,-708.7503,11305.0039
140.2521,53.1129,-274.6502,-45797.5156,-10526.2539,15916.2558
238.9774,430.2691,379.2295,-50793.7695,-136088.7968,90711.2812
-725.5911,770.1669,815.2915,11882.5039,-286676.3437,201993.8281
-1258.8541,1125.0657,1287.6971,-32480.0097,-286685.1250,254240.0937
-936.5181,927.8591,1229.8280,-32576.2617,-286685.1250,249803.8593
-235.8674,817.3038,998.8998,-69396.2734,-286685.1250,174947.5625
-28.1114,478.9914,809.6814,15916.2558,-91717.5390,27256.2617
-245.9290,-15.2448,-59.7596,-33950.0156,37975.0117,-29513.7597
-171.5954,10.6714,-20.0621,-27387.5097,28910.0097,-23178.7597
203.5485,225.6839,102.2011,-46007.5195,-62991.2734,31071.2597
-28.3553,480.5769,507.2248,29872.5097,-263121.3437,154376.3125
-954.0191,785.4727,1284.8920,37922.5156,-286685.1250,270698.8437
-1339.1026,1150.6770,1944.8088,73526.2734,-286685.1250,286685.1250
-717.4199,805.9007,1323.1259,-71417.5234,-286685.1250,257993.8593
-127.5074,220.8665,542.2878,-15260.0058,-173153.8125,77822.5312
-52.7470,-64.5160,61.5280,23616.2578,-39427.5156,-7761.2529
-52.7470,-64.5160,61.5280,23616.2578,-39427.5156,-7761.2529
24.4526,151.6552,588.8759,104221.2890,-148058.7968,71365.0234
-559.2400,405.5115,886.2103,81550.0312,-282616.3437,205301.3281
-837.8538,782.2408,1252.1462,52001.2695,-286685.1250,285915.0937
-1029.4504,842.6711,1969.0174,28428.7597,-286685.1250,286685.1250
-536.2508,387.0348,866.8800,18550.0058,-283508.8437,243433.8281
-100.3717,187.9988,1159.6408,146746.3125,51878.7695,53917.5195
223.6106,166.5951,-144.9475,-15881.2558,19906.2578,9275.0029
292.8830,291.0536,25.0624,-15881.2558,19906.2578,16073.7568
342.1542,417.6463,271.7232,-43408.7695,-119341.2890,86117.5312
-605.1573,1009.8151,657.1115,-38368.7617,-286685.1250,204951.3281
-1565.4573,1390.8128,1350.3836,-58730.0195,-286685.1250,286685.1250
-1126.4682,1278.6112,1155.0064,-20046.2578,-286685.1250,286562.5937
-208.1829,917.2487,181.2911,-76037.5234,-256952.5781,147367.5625
-4.9393,683.5765,970.2396,43977.5195,28148.7597,28253.7617
-390.4497,-229.5256,-166.3512,-52150.0195,41545.0156,-91122.5390
-312.8841,-146.7769,-143.4840,-27011.2597,38806.2617,-89748.7812
148.1794,-72.1384,275.3210,-19477.5078,-40923.7617,-32016.2636
217.0249,302.8836,713.8222,54285.0195,-201967.5625,78968.7812
-909.6262,1173.4831,1295.6245,65546.2734,-286685.1250,249305.0781
-1715.3441,899.6257,1916.0266,160632.5625,-286685.1250,286685.1250
-1133.0540,156.5335,1189.0328,39646.2656,-284550.0937,286676.3437
-320.3236,163.3022,1284.5872,38745.0156,-67585.0234,37187.5156
-381.9736,286.5411,-11.1592,13370.0058,94036.2812,-5101.2519
-381.9736,286.5411,-11.1592,13370.0058,94036.2812,-5101.2519
-94.1518,84.9440,-136.5323,-41658.7617,50837.5156,140.0001
144.8865,453.2582,288.0046,-12328.7548,-45508.7695,38421.2656
-247.5754,838.6465,706.7486,-20868.7578,-212178.8281,141881.2968
-975.7886,1353.0668,1076.7092,-47923.7695,-286685.1250,249278.8281
-1494.0507,1502.2828,1613.9967,-44983.7695,-286685.1250,286685.1250
-613.8773,1036.9508,431.3667,-132125.0625,-286685.1250,215442.5781
-167.6927,791.3877,556.0691,60366.2734,-52018.7656,77358.7812
-359.2283,-24.4526,-172.0832,-17990.0078,43373.7656,-46742.5195
-359.2283,-24.4526,-172.0832,-17990.0078,43373.7656,-46742.5195
22.5623,378.1318,-74.7605,-38937.5156,-44371.2656,8723.7529
-210.8660,436.5499,518.9328,18943.7578,-190968.8281,110180.0390
-820.1089,861.3918,1039.0850,81287.5312,-286685.1250,218461.3281
-1224.3398,1008.1076,1375.6291,101797.5390,-286685.1250,286685.1250
-982.0696,773.9477,1420.0219,-12608.7539,-286685.1250,286685.1250
-303.4934,399.4745,619.8533,-67427.5312,-229556.3437,151077.5625
-529.7260,-47.8077,208.0609,-42621.2656,20160.0078,-83842.5312
-529.7260,-47.8077,208.0609,-42621.2656,20160.0078,-83842.5312
-205.9876,13.8423,84.0903,-25235.0097,-18795.0078,-26153.7597
19.3914,141.3497,473.3203,75941.2734,-116130.0468,76387.5234
-334.9586,325.0800,965.1173,28726.2597,-234237.5781,157753.8125
-1025.3647,862.4893,1710.0998,59438.7734,-286685.1250,285460.0937
-1139.5787,415.3291,1584.1778,25130.0078,-286685.1250,286685.1250
-489.8457,353.4963,769.7401,-350.0001,-240397.5781,179681.3125
-127.5684,303.4934,1262.6956,75547.5312,-175.0001,24955.0078
-388.8642,-35.1850,46.1003,-55221.2695,62632.5234,-52526.2695
-388.8642,-50.4907,-93.2372,-55221.2695,62632.5234,-52526.2695
-52.3811,31.3433,63.9062,-11637.5039,3920.0014,-11838.7539
-117.1410,428.5007,443.3186,18593.7578,-106146.2890,72581.2734
-396.0597,591.6199,670.7100,-2563.7509,-254310.0781,177808.8281
-1224.9495,1316.4792,1583.5070,19092.5058,-286685.1250,286431.3437
-1424.5344,825.9019,1514.0517,-3762.5017,-286685.1250,286685.1250
-406.3652,590.3393,442.9526,-127522.5468,-279632.6250,203008.8281
-93.4201,558.6302,1203.4848,103232.5312,-2021.2507,38018.7617
-34.6971,180.9862,-207.9390,-80053.7812,90571.2812,5722.5019
60.4913,202.8167,-233.6722,-81768.7812,82530.0234,13002.5048
316.1770,438.4403,280.3822,-45797.5156,-12521.2539,76186.2812
-103.6036,779.1309,421.4270,7350.0024,-204785.0625,176268.8125
-721.7495,1045.3049,926.7614,-37756.2656,-286685.1250,255902.6093
-1344.8956,1692.4158,1655.1577,-20492.5078,-286685.1250,286685.1250
-719.9201,1363.9820,621.0729,-7700.0029,-286685.1250,278092.6250
-386.0592,840.1710,237.6968,-4418.7514,-76965.0234,119761.2890
-332.0926,938.7134,795.4123,-12013.7539,131057.5390,-55107.5195
-44.8197,56.5887,-38.1120,-113321.2890,69308.7734,-59377.5195
35.6728,87.1392,-99.3961,-113321.2890,69308.7734,-59377.5195
109.2747,570.7650,331.1779,9756.2539,-71190.0234,38158.7656
-383.1321,449.9043,612.2308,70236.2734,-261983.8281,170345.0625
-926.3955,636.9884,846.1470,89433.7812,-286685.1250,263532.5937
-1003.8391,814.4378,1735.1622,55545.0195,-286685.1250,286685.1250
-564.0573,717.5419,1084.2097,-92513.7890,-286685.1250,212100.0781
-136.7153,444.3553,720.8348,-30940.0136,-156380.0625,59018.7695
-14.1472,596.1934,1228.8521,-3010.0009,55667.5195,-28472.5117
-32.3190,-162.0216,-52.5640,-34615.0117,7271.2519,-22618.7578
-32.3190,-162.0216,-52.5640,-34615.0117,7271.2519,-22618.7578
142.6912,273.1257,683.6984,76230.0312,-111037.5390,47530.0156
-554.5446,-73.5409,1228.7912,57312.5195,-286685.1250,143963.7968
-1098.1130,362.0333,1566.6768,50986.2695,-286685.1250,192561.3281
-1109.5771,721.2617,1891.8786,130095.0546,-286685.1250,275887.5937
-623.3901,-86.4075,1281.3553,48081.2656,-286685.1250,241920.0937
-143.3010,-250.1365,1147.1401,61556.2773,-27545.0097,23327.5097
-525.8844,253.4294,-15.0009,-35743.7617,151856.3125,-30756.2636
-458.6853,216.2931,-38.1120,-57058.7695,145302.5625,-24298.7578
-7.8053,273.4306,-145.0695,-30152.5097,66018.7656,30082.5136
-84.1513,323.0677,226.9035,19162.5078,-44362.5156,85426.2890
-38.8437,320.2016,355.6306,-43058.7656,-176417.5625,131985.0468
-532.8970,1157.8114,1091.8319,-42875.0156,-286685.1250,215705.0781
-1407.3992,1428.1932,1614.5455,-51703.7695,-286685.1250,286685.1250
-917.7365,1043.7805,811.4498,-68582.5312,-286685.1250,224901.3281
-340.8126,964.9345,582.2901,-743.7503,-78067.5234,66430.0312
-140.6790,783.9483,1135.4321,2940.0009,99470.0390,-15618.7548
-112.0187,70.9188,-141.9595,-45876.2656,38395.0156,-42988.7656
26.5869,161.5338,-68.5406,-59395.0195,30021.2597,-36907.5156
141.1058,409.4751,184.8279,75468.7734,-76090.0312,40600.0156
-322.2139,461.4904,816.9379,50933.7656,-286518.8437,174597.5625
-1049.6343,808.9497,1230.9256,33897.5156,-286685.1250,266455.0937
-1011.5225,632.0491,1735.5891,41623.7656,-286685.1250,285608.8750
-318.2503,488.5651,959.2024,-72747.5234,-253715.0937,149966.2968
-72.6262,519.4206,1089.6367,29776.2617,-63105.0234,32803.7617
76.9557,675.2834,1304.6492,-30992.5097,13825.0048,-7061.2524
-79.6388,-11.4641,112.2017,4952.5019,58756.2734,-31823.7617
-79.6388,-11.4641,112.2017,4952.5019,58756.2734,-31823.7617
106.9575,60.4913,325.7507,-11515.0039,-64058.7773,54643.7656
-284.1629,70.3700,993.4117,80263.7812,-256523.8593,184345.0781
-1042.3779,497.5901,1305.5029,28376.2617,-286685.1250,272527.5937
-1347.3956,820.9016,1425.1441,-6536.2524,-286685.1250,286685.1250
-732.6647,462.9539,1109.7600,-75031.2812,-286685.1250,210411.3437
-62.5646,268.0644,1011.2786,38788.7656,-79590.0312,51126.2695
-30.6725,134.9469,-70.7358,822.5003,78942.5312,13606.2548
49.6980,254.0392,113.7262,-25313.7597,67672.5234,17753.7558
311.7865,209.2195,20.8549,39200.0156,-25882.5097,64758.7773
-85.7977,794.6196,758.6419,-99085.0390,-223938.8281,174973.7968
-1171.8367,1554.2371,1296.3562,-90063.7812,-286685.1250,281618.8437
-1313.0644,1433.0104,1383.6783,-35533.7617,-286685.1250,286685.1250
-473.7472,830.6583,580.0339,-135616.2968,-286685.1250,199360.0781
79.6388,673.2711,402.9504,-34212.5117,-117005.0390,44738.7656
105.9208,91.2858,11.6470,-99452.5390,60348.7734,-65170.0195
126.8977,28.4773,-80.7974,-106181.2890,48553.7656,-55501.2695
345.3251,342.0322,244.1606,34790.0117,-64496.2695,27667.5097
-259.2225,507.1638,571.3748,24648.7578,-262298.8437,160746.3125
-1100.3081,722.5422,1466.9759,-10351.2539,-286685.1250,254283.8593
-1216.3514,930.3593,1896.8179,20833.7558,-286685.1250,280105.0937
-444.5382,817.4867,817.7307,-49621.2695,-286685.1250,220605.0625
-126.7757,380.2661,670.2221,165585.0625,-16047.5048,83816.2812
-64.5160,693.0893,1582.3485,13693.7548,128896.2890,-30598.7636
-40.3682,177.9982,524.9697,-65852.5234,32366.2636,-138985.0625
80.6754,173.7297,504.8466,-91428.7812,18987.5058,-125352.5390
482.3452,434.9035,97.8716,-41772.5117,-71653.7812,-32191.2636
183.3034,650.8306,572.4114,67165.0234,-221173.8281,125116.2968
-867.0629,1018.4742,1392.5812,143640.0468,-286685.1250,286676.3437
-1377.7022,553.6909,1950.1138,143867.5468,-286685.1250,286685.1250
-968.5932,470.6983,1364.5919,10255.0039,-286685.1250,276272.5937
-325.9947,-13.2325,1014.6324,25795.0097,-104090.0390,81742.5312
88.4808,63.2964,46.0393,-60287.5195,-27833.7597,17167.5058
174.8883,161.1070,95.5544,-63140.0195,-41711.2656,25777.5097
117.9947,456.7340,515.8228,9730.0039,-170730.0468,103643.7890
-962.2514,636.7445,1343.0662,44073.7656,-286685.1250,220613.8281
-1486.6112,1009.5101,1743.8824,63131.2695,-286685.1250,280962.6250
-1022.1329,930.8470,1835.8389,-37721.2617,-286685.1250,263803.8750
-371.1802,216.2931,773.0939,-47040.0156,-286685.1250,94596.2812
110.6162,432.5253,874.6243,6895.0024,15085.0058,-9546.2529
153.3016,121.0437,-73.4189,-74200.0234,106093.7812,-5145.0019
201.1703,126.1049,-79.6388,-61022.5234,92968.7812,1933.7508
266.5400,285.9313,406.3652,5608.7519,-22767.5078,57435.0195
-108.4210,418.1952,540.4584,-51432.5195,-226791.3281,142546.3125
-843.6467,926.0297,1309.7105,-97501.2812,-286685.1250,187722.5781
-1486.5501,1704.7337,1997.9213,-16432.5078,-286685.1250,237781.3437
-868.2214,1207.1436,1121.4071,12180.0039,-286685.1250,236442.6093
-300.5663,644.7328,574.5458,-66535.0234,-209116.3281,93170.0390
58.3571,910.6629,636.8664,-51546.2695,75040.0312,-1408.7504
111.8968,123.7877,26.2210,-206858.8125,33136.2617,-62378.7734
194.2187,140.0082,-159.2776,-208346.3437,21131.2578,-51266.2695
421.7929,500.6390,464.9662,14105.0058,-115001.2890,54118.7695
-529.1773,632.1101,1114.3944,69370.0234,-286685.1250,187451.3125
-1422.0953,702.1751,1460.3292,43785.0156,-286685.1250,286685.1250
-1094.3322,746.7509,1538.5654,-23738.7578,-286685.1250,263506.3750
-455.5754,753.3977,967.4345,-132536.2968,-286685.1250,146562.5468
112.1407,457.3438,861.9406,58213.7734,-73893.7734,11550.0048
-148.4233,-73.9677,185.2547,-104606.2890,66631.2734,-118037.5390
-148.4233,-21.5256,151.0454,-104606.2890,66631.2734,-118037.5390
299.1638,293.1268,305.5666,-67882.5234,-41501.2617,-25523.7597
138.4227,343.4957,555.0935,33232.5117,-221952.5781,103092.5390
-676.8078,708.2731,1164.7021,86450.0312,-286685.1250,228821.3281
-1553.3223,773.3378,1965.4196,118763.7812,-286685.1250,286685.1250
-986.5211,480.5158,1217.8759,-40591.2617,-286685.1250,284978.8437
-201.0483,193.7918,1030.7309,82022.5312,-140840.0468,88655.0312
-16.8303,709.0048,1452.0358,-18926.2558,1137.5004,-8872.5039
-26.8308,198.3652,-123.3609,-144156.3125,97273.7890,-69711.2734
-26.8308,198.3652,-123.3609,-144156.3125,97273.7890,-69711.2734
158.1190,352.0937,316.6039,26293.7578,-27553.7597,29137.5117
-309.9571,272.4549,645.9524,22942.5078,-218050.0937,142117.5468
-1096.1004,546.3734,1135.6151,-11383.7539,-286685.1250,213902.5937
-1470.4516,891.3326,1478.3179,2511.2509,-286685.1250,260032.6093
-1056.9519,594.0591,1002.3146,-82617.5312,-286685.1250,208976.3125
-121.0437,616.8043,469.7835,-27265.0097,-174833.8125,63551.2734
-84.2732,127.0196,-112.8115,-27501.2597,169566.3125,-42306.2656
-19.5133,205.3169,-90.4321,-21761.2578,159477.5625,-34553.7617
170.3758,366.4238,665.0999,40241.2617,28726.2597,50050.0195
-144.5206,366.4848,376.6683,-35638.7656,-168367.5625,139991.2968
-675.4053,663.1484,835.5366,-106531.2890,-286685.1250,176776.3125
-1318.0648,1455.6337,1319.1624,-64627.5195,-286685.1250,210061.3281
-1258.1221,1217.4490,1060.9156,-27422.5117,-286685.1250,235690.0781
-386.4250,893.4667,521.6158,-64268.7695,-268397.5937,136141.2968
-167.9976,579.2412,916.5170,14743.7539,-2800.0009,21857.5078
-15.4277,79.8217,-23.3550,-60165.0273,27903.7597,-13431.2548
-15.4277,79.8217,-23.3550,-58607.5273,14848.7548,-5923.7519
-87.5661,397.5232,298.6150,34842.5117,-115368.7968,72633.7812
-879.5635,479.8451,980.3621,40171.2617,-286685.1250,203131.3281
-1234.8281,575.0946,1284.3432,19285.0078,-286685.1250,249112.6093
-920.7246,608.4502,1398.6791,-17622.5058,-286685.1250,229355.0781
-337.0319,465.1491,826.3897,-91831.2890,-282065.0937,144453.7968
-60.7962,368.3752,865.0505,16213.7548,-55177.5195,26643.7597
-714.2490,-230.6842,419.3537,-32550.0136,44458.7656,-147700.0468
-714.2490,-230.6842,407.2799,-32550.0136,44458.7656,-147700.0468
-166.8390,-216.3541,-34.2093,-95243.7890,-4278.7519,-118702.5468
65.1867,340.4468,33.3556,-17902.5078,-99863.7812,-28691.2617
-230.3793,438.8671,807.4862,71846.2734,-254668.8281,92881.2812
-1077.1971,503.4440,1476.6105,124048.7968,-286685.1250,232382.5781
-1599.9104,317.2136,1994.9335,129360.0468,-286685.1250,286685.1250
-978.5327,-45.6124,1022.1938,-51502.5156,-286685.1250,223186.3281
-270.6256,152.6309,748.7022,49463.7656,-83536.2734,17202.5078
-68.6016,-144.8255,-30.0627,-56778.7734,41072.5156,-31535.0117
-68.6016,-144.8255,-30.0627,-56778.7734,41072.5156,-31535.0117
-45.9783,362.5822,223.8545,-5740.0019,-87027.5312,50951.2695
-794.1927,509.2371,772.2402,-39698.7656,-265090.0937,177406.3125
-1408.6798,551.4957,871.0264,-3097.5012,-286685.1250,223440.0781
-1243.3043,695.2846,997.9241,-14446.2548,-286685.1250,212415.0625
-724.1277,561.1303,1010.3638,-38718.7617,-286685.1250,185062.5625
-226.0498,652.2332,824.2554,4523.7514,-159092.5625,109812.5468
-28.4773,494.7240,1151.1038,-5687.5024,-53978.7734,58117.5195
-12.4398,507.8345,1062.0131,2983.7509,16878.7558,10648.7539
-822.0602,500.1511,850.5375,-38491.2617,-253041.3437,156458.8125
-822.0602,500.1511,850.5375,-38491.2617,-253041.3437,156458.8125
-1513.5640,360.0820,1234.2183,27186.2597,-286685.1250,224446.3281
-1212.2049,439.6599,966.5200,1330.0004,-286685.1250,219178.8281
-445.6358,408.8654,866.8189,-53427.5195,-286685.1250,141995.0468
-63.0525,492.1629,888.5885,-46935.0195,-153011.3125,46130.0156
-51.6494,355.9964,175.4980,-67987.5234,-31543.7617,38928.7656
-97.5667,356.1793,175.4980,-78312.5234,-52710.0156,52622.5195
-265.2594,521.1280,513.0788,-21131.2578,-182595.0625,125055.0468
-1056.8300,834.6829,770.2279,-11830.0039,-286685.1250,211618.8125
-992.0701,884.9296,859.8673,-13571.2548,-286685.1250,242602.5937
-692.7234,1022.9257,1199.3383,-48448.7695,-286685.1250,225723.8281
-357.8258,647.5988,819.1333,-66666.2734,-155793.7968,99820.0312
-357.8258,647.5988,819.1333,-66666.2734,-155793.7968,99820.0312
-1127.0169,766.5692,1368.7385,61608.7734,-286685.1250,227815.0937
-1444.7795,658.8190,1746.0167,80290.0312,-286685.1250,286685.1250
-793.0951,363.7407,1095.4298,-56131.2695,-286685.1250,233931.3281
-15.0009,329.6534,101.2864,-92120.0312,-221252.5781,37922.5156
306.7862,635.4029,1265.7446,108141.2890,32436.2636,-27072.5097
-212.8173,-201.7191,184.4620,-63122.5195,-46707.5195,-87605.0390
-212.8173,-201.7191,184.4620,-63122.5195,-46707.5195,-87605.0390
-222.3301,295.8100,250.3805,-1662.5006,-166398.8125,-6457.5024
-762.2396,287.2729,679.1250,88742.5312,-286685.1250,149983.7968
-1126.4682,536.3728,1190.7402,103451.2890,-286685.1250,252122.5937
-1012.7421,310.3230,1694.3062,49761.2656,-286685.1250,286125.0937
-581.1925,67.2600,1035.3041,-85085.0390,-286685.1250,163808.7968
-86.2246,104.5183,572.5335,20195.0078,-68267.5234,21910.0078
-205.9267,492.7727,1284.4652,93948.7812,130418.7968,-29916.2636
-215.2565,-147.8745,-244.9533,-121773.7968,37843.7617,-35813.7656
-57.6253,-130.3125,-246.3558,-107345.0390,32637.5117,-31412.5097
216.3541,355.9354,593.6322,-3885.0009,-114555.0468,73552.5234
-656.8676,552.2274,822.7310,6746.2519,-286685.1250,202107.5781
-1497.0386,970.1177,1409.9604,-32252.5097,-286685.1250,253566.3281
-1346.7250,695.1016,1183.8497,-51686.2656,-286685.1250,268730.0937
-457.2828,425.6346,525.5185,-163668.8125,-286685.1250,151891.3125
-4.1466,320.2016,981.8256,114598.7890,-35140.0156,10876.2539
-621.7436,110.4943,-143.5449,-33171.2578,169041.3125,-67996.2734
-529.4212,99.8839,-191.4746,-18926.2558,165655.0625,-66596.2734
81.1633,129.7637,36.6485,-36006.2656,84393.7890,-24333.7578
140.6180,350.9351,402.7064,11620.0039,-56875.0195,57181.2734
-343.1908,553.5079,632.6589,-31430.0117,-237212.5781,156091.2968
-1155.8601,1076.8922,930.9080,-52508.7695,-286685.1250,237448.8593
-1338.4929,1198.3016,1105.5523,10027.5039,-286685.1250,286685.1250
-748.6414,690.4672,778.5821,-86205.0312,-286685.1250,225137.5781
-182.5107,127.2026,-60.1255,-85548.7812,23135.0078,3237.5012
-144.5206,183.7302,66.5283,-78207.5312,11165.0048,11418.7548
-61.1621,378.3148,563.8744,-2957.5009,-110337.5390,87132.5312
-770.4718,627.9635,1118.9068,80710.0312,-286685.1250,214795.0781
-1338.7366,796.8758,1432.5836,47941.2695,-286685.1250,286518.8437
-1146.8352,517.4692,1313.2475,-43662.5156,-286685.1250,278328.8437
-366.7287,703.6997,267.6376,-37065.0156,-190487.5781,105568.7890
-314.6525,683.3325,1535.8823,50041.2695,72213.7734,-1557.5006
-509.9078,-265.6253,-23.2331,-34790.0117,-36023.7617,-17788.7558
-509.9078,-265.6253,-23.2331,-34790.0117,-36023.7617,-17788.7558
-259.8932,8.5981,73.7848,-81322.5312,-141715.0468,37878.7656
-379.1075,-7.6224,579.5460,21420.0078,-224910.0781,91463.7890
-848.1594,382.0345,941.8842,40775.0156,-286685.1250,145923.8125
-1341.1148,443.3795,1881.2683,111501.2968,-286685.1250,249943.8437
-1082.6241,140.6180,1268.0007,53313.7734,-286685.1250,259096.3281
-258.3688,660.6484,532.4091,226983.8281,-86257.5312,150788.8125
-9.6347,388.0105,-87.5661,13527.5048,-14350.0058,101736.2890
-19.6963,419.7806,86.2855,13527.5048,-28481.2617,112656.2890
-260.5030,403.9260,277.3943,-45412.5156,-160597.5625,170668.8125
-760.4713,972.6788,874.5633,24753.7597,-286685.1250,227666.3281
-1147.5061,1487.1599,1073.8431,64627.5195,-286685.1250,286685.1250
-477.5279,952.8605,842.2442,-39086.2656,-286685.1250,286685.1250
-189.9501,1181.7153,665.7706,-102961.2890,-271556.3437,147288.7968
-164.0340,938.8353,788.2777,-66622.5234,-18725.0058,1960.0007
-217.2688,8.3541,-76.3459,-101981.2812,9152.5029,-37878.7656
-108.6649,22.9282,-125.7390,-107135.0390,-2983.7509,-31605.0117
-34.5752,203.8534,-51.7103,-68328.7734,-97160.0312,17386.2558
-234.4649,434.4766,583.2048,98910.0312,-230256.3281,106207.5312
-900.1746,687.1743,1019.2058,124635.0468,-286685.1250,218793.8437
-1276.4160,979.3255,1777.0551,63883.7734,-286685.1250,286685.1250
-730.8354,500.7000,1081.5876,-43715.0156,-286685.1250,282572.5937
-625.5853,-115.1897,270.9305,25838.7578,104842.5390,5355.0019
-578.9973,-163.3022,277.0893,9625.0039,93782.5312,8295.0019
-144.2767,-36.2216,62.5646,-28498.7597,11296.2539,21901.2597
444.8430,134.0932,641.6838,26836.2597,-151200.0468,52115.0195
33.1117,361.9724,1279.1600,67418.7812,-286685.1250,105813.7890
-1352.2740,751.8732,1895.7816,38036.2656,-286685.1250,216448.8281
-759.3126,375.9366,1372.5802,-79082.5312,-286685.1250,189901.3281
-29.4529,343.5567,1335.8096,87710.0312,-241150.0781,93625.0312
-44.2099,133.6663,1883.5854,5057.5014,-62562.5273,20492.5078
45.7954,320.9944,1251.5364,-68180.0234,44161.2656,-38491.2617
-643.6351,149.7648,-58.2351,-36225.0156,99347.5390,31648.7617
-643.6351,149.7648,-58.2351,-36225.0156,99347.5390,31648.7617
202.9996,145.0695,119.4582,-28875.0117,30896.2597,36155.0156
573.0213,424.4760,731.2012,4340.0014,-189297.5625,95541.2890
-613.0236,888.1007,1547.7122,-64426.2734,-286685.1250,188020.0625
-1399.4110,1315.4426,1761.6882,-88453.7812,-286685.1250,224148.8281
-498.1999,791.7536,930.6640,-17220.0058,-286685.1250,140087.5468
-79.5168,547.7149,1103.4790,24342.5097,-168612.5625,79642.5312
58.8449,498.8706,1154.3356,-36330.0156,11733.7548,-1618.7506
-518.4449,-159.5215,318.4942,-80298.7812,66937.5234,-115062.5468
-441.0014,-124.3975,312.1524,-75425.0312,63866.2734,-114555.0468
-88.3588,-123.7877,265.0765,-83711.2812,17333.7558,-90781.2812
296.7247,59.0278,547.4710,-8697.5029,-112437.5390,-22750.0097
-168.9733,640.1593,1164.8240,14288.7548,-286300.0937,80246.2812
-1161.7751,791.5097,1997.9213,149616.3125,-286685.1250,231603.8437
-1265.8056,176.2908,1547.1024,63236.2695,-286685.1250,286632.5937
-335.1416,-147.7525,870.0508,92373.7890,-210157.5625,137672.5468
-12.8666,287.6387,1347.7006,46943.7656,9222.5029,-2205.0007
-29.0871,25.0624,8.1102,-107948.7890,112481.2890,-84113.7812
42.3195,47.8077,-61.9548,-86100.0312,102672.5312,-73657.5312
367.1556,358.1307,526.8600,-90308.7890,-26705.0097,21350.0078
-295.1392,347.1545,834.9877,31053.7597,-274163.8437,151795.0625
-1486.9161,564.3012,1486.9161,8260.0039,-286685.1250,217647.5781
-1347.3348,591.4980,1435.8765,1190.0004,-286685.1250,218251.3281
-552.5323,436.1230,977.6790,-131188.7968,-286685.1250,144970.0468
183.9132,355.6306,934.4449,-19722.5078,-246330.0937,73815.0312
216.7809,333.4341,1078.0507,66771.2812,-48448.7695,41072.5156
75.8581,34.6362,33.8434,-52561.2695,198117.5781,-80228.7812
202.4508,21.5866,-3.1099,-56533.7695,188081.3125,-79065.0312
826.8775,334.2879,641.7448,-29916.2636,71942.5312,-36758.7617
56.2838,813.1572,1236.5965,-11462.5048,-206885.0781,96617.5390
-1463.8050,734.5551,1434.1691,-10246.2539,-286685.1250,185640.0781
-1851.3276,1122.9315,1478.6229,-23677.5078,-286685.1250,180495.0625
-1128.9683,586.4976,1174.8856,-162758.8125,-286685.1250,128126.2968
-111.6529,511.3713,631.3174,-76107.5312,-163257.5625,30406.2578
16.3424,361.4845,1208.7290,-1855.0006,32138.7597,-20405.0078
-22.0745,504.7856,1185.0081,-20650.0078,86082.5312,-53996.2734
-331.7267,-74.2726,60.1864,-62851.2734,187792.5625,-100047.5390
-331.7267,-74.2726,60.1864,-62851.2734,187792.5625,-100047.5390
526.6771,477.8328,304.0422,-90046.2812,62282.5234,-10972.5039
-173.3638,374.7170,1141.1641,53121.2695,-233318.8281,148548.7968
-1420.0219,519.6644,1599.1787,60200.0273,-286685.1250,209790.0781
-1696.5014,614.2432,1395.1424,27851.2597,-286685.1250,239732.5937
-711.9318,11.9519,1123.3583,-224472.5781,-286685.1250,132886.2968
-2.8660,378.6806,285.1386,-36303.7617,-211513.8281,-32261.2597
-208.1829,-83.9073,11.5860,-89897.5312,67418.7812,-96871.2890
-108.1771,53.2958,27.9285,-58782.5234,62037.5234,-90247.5312
523.2013,306.5423,53.7226,-110188.7890,-41956.2656,-4060.0012
256.4784,611.3162,839.3173,102357.5312,-229468.8437,138372.5468
-1191.1062,787.4240,1742.2358,122080.0468,-286685.1250,286195.0937
-1778.3964,610.6455,1997.9213,113995.0390,-286685.1250,286685.1250
-955.3606,257.8199,1285.6237,-11515.0039,-286685.1250,245498.8437
-158.7898,46.0393,1047.3172,17517.5058,-148618.7968,61713.7734
-9.5737,496.3095,1233.9744,-8478.7529,56848.7734,-26565.0097
-653.5747,-11.4031,-55.3691,-46051.2656,-17360.0058,-5188.7519
-539.3608,65.7965,53.7226,-71470.0234,-21586.2578,-3377.5012
4.6954,328.2509,236.2333,-21306.2578,-83842.5312,28315.0097
-37.6241,289.1632,980.0573,45972.5156,-282983.8437,111020.0390
-993.6555,743.3970,1514.1738,31893.7617,-286685.1250,174177.5625
-1090.0635,677.7225,1950.6624,19810.0078,-286685.1250,228235.0781
-613.3285,516.7985,1378.4952,-26066.2597,-286685.1250,174326.2968
-72.7481,108.9088,864.0140,63140.0195,-74086.2734,33460.0117
15.6107,465.9418,1568.8719,-18462.5058,96355.0390,-34588.7617
-746.8120,-127.6294,-196.4749,-32733.7617,-24902.5078,-1636.2504
-687.1133,-55.4910,-115.2506,-29933.7617,-26652.5117,-1925.0007
-353.1914,97.6277,-30.7945,-14848.7548,-66281.2734,22286.2578
95.1885,302.1518,378.4367,32926.2617,-166608.8125,85723.7734
-407.3409,596.4982,1143.1154,43277.5156,-286685.1250,171631.3125
-1284.4042,1075.6115,1997.9213,12232.5048,-286685.1250,264748.8437
-1002.3146,591.0711,1588.2025,-19967.5078,-286685.1250,265973.8437
-268.7962,419.5367,589.3027,68355.0234,-237457.5781,113050.0390
4.5734,430.2691,1223.2421,12267.5039,43828.7656,-10167.5039
-639.0618,15.3667,80.7974,-13833.7548,43137.5156,-29478.7597
-639.0618,15.3667,80.7974,-16030.0058,37773.7656,-26862.5097
-409.4751,32.9287,-227.4523,988.7504,14577.5058,-9021.2529
-186.1694,316.4819,347.4593,48833.7656,-88935.0390,75442.5234
-665.5877,460.1488,1141.3471,34711.2617,-268651.3437,172340.0625
-1426.9125,645.7084,1437.1571,7087.5024,-286685.1250,252525.0781
-1305.0152,560.7036,1172.8123,-44266.2656,-286685.1250,248876.3437
-259.3444,452.4654,199.8897,-75486.2812,-285923.8750,146685.0625
-586.1318,-31.0994,18.1108,-52202.5156,118921.3046,-99190.0312
-543.3245,-102.8719,-59.8815,-51345.0156,114187.5390,-94718.7812
-470.7592,129.3368,117.8118,-42761.2656,45395.0195,-33600.0117
-354.3500,82.3219,148.4843,13991.2548,-58861.2734,55133.7695
-518.5059,220.3177,572.4114,58117.5195,-177712.5625,130278.8046
-1107.6866,713.8222,1036.9508,53278.7656,-286685.1250,221410.0781
-1330.4434,682.6008,1326.4189,11987.5048,-286685.1250,286685.1250
-624.1828,257.1492,643.7571,-78548.7812,-286685.1250,216632.5937
-75.1873,456.6730,764.1909,14971.2558,-202081.3281,78566.2812
59.6986,430.2691,1478.8669,-7542.5029,-19293.7578,9178.7529
-313.5549,-121.6534,-250.4414,-74760.0234,14078.7548,-17788.7558
-228.1231,-91.4688,-248.5511,-74760.0234,14078.7548,-13938.7558
-9.5128,327.2142,84.7610,-13343.7548,-83247.5312,32305.0097
-482.4672,315.1404,850.7205,34203.7617,-276386.3437,145433.8125
-1184.3983,387.2177,1290.4411,40293.7656,-286685.1250,189551.3125
-1299.4660,634.9152,1669.4876,927.5003,-286685.1250,192456.3125
-917.4316,195.5602,1255.1342,-83160.0312,-286685.1250,163703.8125
-42.4415,379.4734,695.2235,-5057.5014,-207515.0781,48011.2695
-203.3045,57.8692,-19.5133,-69711.2734,49376.2695,-20282.5078
-91.4688,203.4875,74.8824,-69711.2734,49376.2695,-20282.5078
-50.0029,280.6262,362.6431,57828.7656,-90965.0312,59456.2734
-689.9183,109.0307,451.7947,34440.0117,-266096.3437,129263.8125
-1245.5604,465.9418,1251.0487,29697.5097,-286685.1250,165576.3125
-1168.8487,755.4710,1647.7182,61906.2773,-286685.1250,215083.8281
-823.9505,-114.3969,1396.6059,-139448.7968,-286685.1250,190408.8125
